feature0,feature1,feature2,feature3,feature4,feature5,feature6,feature7,feature8,feature9,feature10,feature11,feature12,feature13,feature14,feature15,target
200.0,2,662.28,39.10000000000003,-188.55,0.2469776609724047,761,0.0045480080800353,3.5237031125299283,167326,33441.060000000005,0.0198043961525143,26.85,0.0091984231274638,94.61142857142856,7,0
150.0,3,0.0,149.54999999999998,-0.4499999999999999,0.15,3,0.0379746835443038,0.0,79,78.93,0.0,0.0,0.0,0.0,0,1
50.0,23,346.08,30.41,-102.1,2.4309523809523808,42,0.0042394266680125,3.3896180215475025,9907,18858.770000000004,0.0183511437914561,25.525,0.0952380952380952,86.52,4,0
100.0,22,0.0,43.84,-56.16,0.1509677419354839,372,0.0058542112551932,0.0,63544,1164.11,0.0,0.0,0.0,0.0,0,1
50.0,18,87.56,-3.05000000000026,-94.5,0.4126637554585153,229,0.0045718620854878,0.9265608465608466,50089,1786.26,0.0490186199097555,94.5,0.0043668122270742,87.56,1,0
850.0,9,1435.68,1.6000000000000156,-848.4,0.5891666666666667,1440,0.0038794671120869,1.692220650636492,371185,2745.78,0.5228678189803991,40.400000000000006,0.0145833333333333,68.36571428571429,21,1
50.0,1,436.85,6.799999999999997,-82.14999999999999,0.2381159420289854,345,0.0183745206646783,5.317711503347536,18776,959.57,0.4552560000833707,20.5375,0.0115942028985507,109.2125,4,1
0.0,0,0.0,-6.500000000000014,-16.8,0.15,112,0.0172307692307692,0.0,6500,6692.129999999999,0.0,0.0,0.0,0.0,0,0
100.0,11,1027.86,79.75999999999989,-110.55999999999996,0.3625,288,0.0150982961992136,9.845402298850576,19075,3611.2,0.2846311475409837,8.03076923076923,0.0451388888888888,79.06615384615385,13,0
600.0,21,2876.01,3.679999999999943,-596.32,0.2652514463729415,2247,0.0045839274894887,4.825358209456061,490191,2324.2700000000004,1.2373820597434892,31.369473684210515,0.0084557187360925,151.36894736842106,19,1
500.0,15,0.0,345.65,-154.35,3.15,49,0.0018693014916262,0.0,26213,0.0,0.0,0.0,0.0,0.0,0,1
0.0,0,0.0,-0.2500000000000071,-35.85000000000001,0.15,239,0.0037440862236425,0.0,63834,112.89,0.0,0.0,0.0,0.0,0,1
1850.0,2,6466.139999999999,-3.949999999999577,-1928.8,0.7168080185042405,2594,0.0022367255855021,3.477541142303969,1159731,1679.6,3.8498094784472494,41.32,0.0173477255204317,143.69199999999998,45,1
350.0,7,292.76,6.910000000000018,-343.09,0.1622158820732286,2103,0.0066054596338257,0.8581813918039517,318373,2915.3900000000003,0.1004188118913764,170.56999999999994,0.0009510223490252,146.38,2,0
50.0,1,209.9,25.46,-24.54,0.1505521472392638,163,0.0077094073688691,8.553382233088834,21143,220.0,0.9540909090909092,12.27,0.0122699386503067,104.95,2,1
50.0,12,0.0,-0.0799999999999983,-50.08,0.9274074074074072,54,0.0050218543662233,0.0,10753,448.98,0.0,0.0,0.0,0.0,0,0
750.0,29,5565.9,11.650000000000064,-770.0,0.5,1495,0.0114216300461449,7.446020066889631,130892,67852.96,0.082028845904438,41.52777777777778,0.0120401337792642,309.21666666666664,18,1
50.0,3,179.07999999999998,24.24999999999995,-59.1,0.1499999999999999,380,0.0113398985377499,3.1417543859649126,33510,61.88,2.8939883645766,28.499999999999996,0.0052631578947368,89.53999999999999,2,1
250.0,30,89.9,-37.17000000000003,-255.76,1.8533333333333335,138,0.002233587983944,0.3515014075695964,61784,656.3,0.1369800396160292,255.76000000000005,0.0072463768115942,89.9,1,0
50.0,1,0.0,0.0,-50.0,0.2,250,0.0035537613009609,0.0,70348,0.0,0.0,0.0,0.0,0.0,0,1
950.0,19,1147.72,31.91000000000001,-957.29,0.2914800878018186,3189,0.0050805414783435,1.2347315309887796,627689,2382.9700000000003,0.4816342631254274,92.95299999999996,0.0031357792411414,114.772,10,0
0.0,0,0.0,42.05,-6.15,0.15,41,0.0180776014109347,0.0,2268,184.1,0.0,0.0,0.0,0.0,0,1
150.0,19,0.0,-3.0499999999999936,-151.44999999999996,0.1522110552763818,995,0.0025148172018551,0.0,395655,146.32,0.0,0.0,0.0,0.0,0,1
0.0,30,0.0,129.10000000000002,-127.4,0.35,340,0.0036162518613061,0.0,94020,458.73,0.0,0.0,0.0,0.0,0,1
50.0,1,0.0,-2.369999999999993,-50.65,1.7465517241379307,29,0.0012704253734612,0.0,22827,396.26,0.0,0.0,0.0,0.0,0,0
50.0,1,0.0,40.8,-9.2,0.1877551020408163,49,0.0055948846768668,0.0,8758,4100.510000000001,0.0,0.0,0.0,0.0,0,1
0.0,7,414.89,44.59999999999997,-45.3,0.3,151,0.1121842496285289,9.158719646799115,1346,6481.509999999998,0.0640113183501992,22.65,0.0132450331125827,207.445,2,1
50.0,7,0.0,47.900000000000006,-2.1,0.1499999999999999,14,0.004169148302561,0.0,3358,118.68,0.0,0.0,0.0,0.0,0,1
50.0,1,259.99,5.15000000000002,-243.3,0.2244464944649446,1084,0.0054013922038577,1.0685984381422111,200689,179.99,1.4444691371742877,243.3,0.0009225092250922,259.99,1,1
100.0,2,62.19,6.169999999999934,-92.0,0.4423076923076924,208,0.0024497968317531,0.6759782608695651,84905,5309.75,0.0117124158387871,92.0,0.0048076923076923,62.19,1,1
450.0,5,0.0,20.32000000000002,-429.68,1.3584304932735427,223,0.0015642097584242,0.0,142564,3352.6400000000003,0.0,0.0,0.0,0.0,0,1
400.0,24,585.8,-12.980000000000008,-406.1,0.4667816091954023,870,0.003899124713728,1.4425018468357544,223127,1390.52,0.4212812473031671,67.68333333333334,0.0068965517241379,97.63333333333333,6,1
450.0,0,203.13,-0.3699999999999521,-450.37,0.4046451033243486,1113,0.003589454164315,0.4510291538068698,310075,5740.839999999999,0.0353833236947903,112.5925,0.0035938903863432,50.7825,4,1
150.0,9,85.9,8.99999999999991,-196.1,0.2313641900121802,821,0.0236770007209805,0.4522242695446171,34675,1035.2,0.0829791344667697,189.95,0.0012180267965895,85.9,1,0
100.0,2,0.0,49.5,-100.5,0.5,201,0.0037128027042503,0.0,54137,299.97,0.0,0.0,0.0,0.0,0,0
400.0,0,89.9,-4.299999999999937,-402.54,0.3238455349959773,1243,0.0032499620881333,0.2233318427982313,382466,1193.95,0.0752962854390887,402.5399999999998,0.0008045052292839,89.9,1,0
350.0,7,286.75,21.49000000000002,-343.03,0.2715442404006677,1198,0.0035402414338273,0.881466908487289,338395,743.4300000000001,0.3857121719597002,81.3275,0.003338898163606,71.6875,4,1
850.0,6,8452.729999999998,97.90000000000012,-785.6,0.1999999999999999,3928,0.0056654527097681,10.759585030549896,693325,3502.7699999999995,2.413155873779894,5.1346405228758165,0.0389511201629327,55.24660130718953,153,1
2400.0,12,6840.91,-74.95999999999995,-2421.0,0.8330960854092524,2810,0.0029523877567316,2.9222170012815045,951772,98454.00000000004,0.0694833120035752,43.35185185185183,0.0192170818505338,126.68351851851853,54,1
200.0,4,220.07,4.489999999999995,-195.51,0.152622950819672,1281,0.0052829535050602,1.1256201728811832,242478,9203.429999999998,0.0239117372544801,65.16999999999996,0.0023419203747072,73.35666666666667,3,1
150.0,3,874.86,19.2,-130.8,0.1537015276145711,851,0.0043731853336416,6.688532110091741,194595,3944.16,0.2218114883777534,26.160000000000007,0.0058754406580493,174.972,5,1
50.0,28,377.13,33.65,-16.35,0.15,109,0.0186516084873374,23.06605504587156,5844,14936.8,0.0252483798403941,4.0875,0.036697247706422,94.2825,4,1
825.0,31,10042.489999999998,72.52000000000005,-752.48,0.16,4703,0.0336050990003501,13.345856368275566,139949,14475.929999999997,0.6937371208620103,7.166476190476191,0.022326174782054,95.64276190476188,105,0
300.0,3,576.34,21.00000000000002,-278.99999999999994,0.1499999999999999,1860,0.0068256379769689,2.06573476702509,272502,77.5,7.436645161290323,46.49999999999999,0.0032258064516129,96.05666666666669,6,1
0.0,20,416.44000000000005,-0.8500000000001364,-270.55000000000007,0.2105349794238683,1215,0.012746805430244,1.6279906176700545,95318,211.96,1.9647103227023968,63.95000000000002,0.0032921810699588,104.11,4,1
0.0,13,188.55,-0.9500000000000176,-59.99999999999999,0.5094827586206897,116,0.0030702450902546,3.1903553299492384,37782,189.91,0.9928387130746144,19.700000000000003,0.0258620689655172,62.85,3,1
300.0,2,180.49,-2.800000000000024,-336.29999999999995,0.2999999999999999,1116,0.0039435465062863,0.5390979689366787,282994,4167.32,0.0433108088651699,334.79999999999995,0.0008960573476702,180.49,1,1
100.0,2,57.27,-3.269999999999995,-127.77000000000002,0.4096116504854368,309,0.0046215973676338,0.4524768902583551,66860,699.23,0.0819043805328718,126.57,0.0032362459546925,57.27,1,1
50.0,1,0.0,43.7,-6.300000000000001,0.15,42,0.0033057851239669,0.0,12705,1737.3000000000002,0.0,0.0,0.0,0.0,0,1
0.0,30,0.0,149.97999999999996,-0.26,0.26,1,0.0045454545454545,0.0,220,3798.26,0.0,0.0,0.0,0.0,0,1
250.0,16,849.48,-13.380000000000264,-249.11,0.1500312304809494,1601,0.0336995874379051,3.536552872606161,47508,8481.619999999999,0.1001553948420231,21.83636363636364,0.0068707058088694,77.22545454545455,11,0
450.0,3,1157.66,304.1999999999998,-158.1,0.1499999999999999,1030,0.0084755525566545,7.492944983818772,121526,10547.679999999998,0.1097549413709934,10.3,0.0145631067961165,77.17733333333334,15,0
150.0,3,4824.609999999999,21.159999999999982,-265.09000000000003,0.523893280632411,506,0.0047786791579702,18.199894375495116,105887,41746.61999999999,0.115568877192932,18.935,0.0276679841897233,344.6149999999999,14,1
700.0,14,1573.26,-24.720000000000013,-762.9100000000001,0.6919805825242716,1030,0.005273532498784,2.2073406852428663,195315,31622.91,0.0497506396470154,37.51263157894736,0.0184466019417475,82.80315789473684,19,0
300.0,18,0.0,-0.6500000000000341,-300.5,0.5,601,0.0013751696080652,0.0,437037,119.92,0.0,0.0,0.0,0.0,0,1
800.0,18,3113.85,53.44999999999992,-770.35,0.2805492424242424,2640,0.008406144127162,4.2042125160332136,314056,10170.1,0.3061769304136636,22.443939393939395,0.0125,94.35909090909092,33,0
635.0899999999999,23,346.79,-6.360000000000049,-641.45,1.8274928774928771,351,0.0016887990762124,0.5406344999610259,207840,567.59,0.6109868038548952,641.4499999999999,0.0028490028490028,346.79,1,0
1550.0,4,3962.49,27.649999999999977,-1547.0,1.0,1497,0.0009804236189747,2.6469539078156314,1526891,3826.69,1.0354875884903143,136.0909090909091,0.0073480293921175,360.22636363636366,11,0
750.0,8,489.75,43.65000000000006,-712.4,0.5743744955609362,1239,0.004467972319487,0.6881894189559474,277307,1923.8200000000008,0.2545716335208074,101.66428571428573,0.0056497175141242,69.96428571428571,7,0
1550.0,14,10685.14,-8.49999999999999,-1556.1500000000003,0.629264214046823,2392,0.0059399351374975,7.098817432899281,402698,15175.61,0.7040995386676384,22.135294117647067,0.0284280936454849,157.1344117647059,68,1
200.0,0,192.08,-0.8699999999999974,-200.87,0.826625514403292,243,0.00412830009174,0.9562403544581074,58862,2505.33,0.0766685426670338,66.95666666666665,0.0123456790123456,64.02666666666666,3,1
600.0,12,80.22,33.449999999999946,-567.04,0.2166755827283145,2617,0.0028758589389542,0.1414715011286683,909989,4270.19,0.0187860493326994,283.51999999999964,0.0007642338555598,40.11,2,1
100.0,2,88.79,-9.200000000000024,-100.20000000000002,0.3,334,0.0027222638802855,0.8861277445109782,122692,619.7299999999999,0.1432720700950414,100.2,0.0029940119760479,88.79,1,0
50.0,1,0.0,-2.740000000000109,-65.07,0.1831976744186046,344,0.0111103933854402,0.0,30962,100.18,0.0,0.0,0.0,0.0,0,1
350.0,25,483.44,0.340000000000014,-504.62,0.1642924211938296,2982,0.0129084203418004,0.986773350751143,231012,1201.33,0.402420650445756,61.24,0.0026827632461435,60.43,8,0
50.0,14,0.0,42.5,-7.5,0.15,50,0.0099108027750247,0.0,5045,79.99,0.0,0.0,0.0,0.0,0,0
200.0,4,442.97,43.27999999999992,-236.6,1.7789473684210526,133,0.0036846187943262,1.872231614539307,36096,5559.17,0.0796827583973866,118.3,0.0150375939849624,221.485,2,0
200.0,10,3058.64,197.6,-49.2,0.3514285714285714,140,0.3090507726269316,62.16747967479675,453,5761.349999999999,0.5308894616713098,3.28,0.1071428571428571,203.9093333333333,15,0
50.0,3,0.0,44.45000000000001,-25.05,0.15,153,0.0059068797776233,0.0,25902,522.59,0.0,0.0,0.0,0.0,0,1
150.0,3,530.7199999999999,2.819999999999994,-177.67999999999998,0.1681708542713567,995,0.004214922945278,3.1716966473435724,236066,6468.249999999998,0.0820500135276156,55.77666666666666,0.0030150753768844,176.90666666666664,3,1
0.0,0,0.0,-0.9000000000000412,-187.55,2.259638554216868,83,0.001981852913085,0.0,41880,0.0,0.0,0.0,0.0,0.0,0,1
400.0,23,1135.7400000000002,115.83000000000052,-394.56,0.1703186162949478,2197,0.006173689460891,3.0351960234105646,355865,3180.79,0.3570622392550279,18.709500000000016,0.0091033227127901,56.78700000000001,20,0
600.0,12,1110.75,45.6,-627.1,0.6552769070010448,957,0.004934337731442,1.771248604688248,193947,3063.82,0.3625376164396081,28.50454545454545,0.0229885057471264,50.48863636363637,22,0
250.0,23,0.0,2.009999999999991,-247.99,0.3061604938271604,810,0.0055365686944634,0.0,146300,489.71,0.0,0.0,0.0,0.0,0,0
200.0,1,120.25,25.00000000000005,-259.95,0.1499999999999999,1669,0.0258699527241726,0.4803275414419813,64515,1441.7100000000005,0.0834078975660847,125.17499999999998,0.0011983223487118,60.125,2,0
0.0,0,0.0,6.9388939039072276e-15,-13.249999999999998,0.1684210526315789,76,0.015267175572519,0.0,4978,406.74,0.0,0.0,0.0,0.0,0,1
1300.0,26,2757.6500000000005,0.8800000000003338,-1318.95,0.7848457350272233,1653,0.0067075150137964,2.1256021890777355,246440,42129.62000000001,0.0654563226537528,51.894000000000005,0.0151240169388989,110.30600000000004,25,0
100.0,4,0.0,-2.6000000000000014,-102.6,1.152808988764045,89,0.0020779342065326,0.0,42831,484.13000000000005,0.0,0.0,0.0,0.0,0,0
1000.0,28,5540.6,-5.200000000000028,-1026.5,0.563517359134889,1757,0.0096295078373342,5.5960004039995965,182460,19149.73,0.2893304500898968,141.44285714285715,0.0039840637450199,791.5142857142857,7,0
0.0,0,0.0,30.000000000000018,-1.7999999999999996,0.1499999999999999,12,0.0098119378577269,0.0,1223,262.89,0.0,0.0,0.0,0.0,0,1
50.0,1,0.0,-0.1000000000000005,-50.1,0.496039603960396,101,0.0097764011228341,0.0,10331,447.0,0.0,0.0,0.0,0.0,0,1
680.0,21,0.0,26.130000000000017,-673.5600000000001,1.1553344768439109,583,0.0022662338924413,0.0,257255,10936.79,0.0,0.0,0.0,0.0,0,0
100.0,1,181.35,-0.8399999999999799,-209.43,0.2773907284768211,755,0.0052466261761476,0.8659217877094972,143902,76.99,2.3555007143784907,209.43,0.0013245033112582,181.35,1,0
50.0,29,95.9,1.8500000000000387,-83.24999999999999,0.1499999999999999,530,0.0060608139787528,1.2062893081761008,87447,138.37,0.6930693069306931,79.49999999999999,0.0018867924528301,95.9,1,1
2100.0,18,5875.1,144.00000000000023,-2444.0,1.0,2367,0.0169030378336689,2.482087029995776,140034,34511.2,0.1702374881197988,473.4,0.002112378538234,1175.02,5,0
50.0,1,71.06,3.65,-46.35,0.15,309,0.0023574289528895,1.5331175836030202,131075,99.9,0.7113113113113113,46.35000000000001,0.0032362459546925,71.06,1,1
850.0,20,259.67,-8.69999999999996,-855.6999999999999,0.6818326693227093,1255,0.0034260692475478,0.303459156246348,366309,841.0699999999999,0.3087376793845934,427.85,0.0015936254980079,129.835,2,1
1300.0,2,1517.1900000000005,-8.859999999999996,-1344.1,0.3473422818791946,3725,0.0048494332346956,1.1726166093442056,768131,299.46,5.06641955519936,143.7611111111111,0.0024161073825503,168.5766666666667,9,1
300.0,0,0.0,9.18999999999999,-290.81,1.1540079365079363,252,0.0036713286713286,0.0,68640,34384.21,0.0,0.0,0.0,0.0,0,1
3225.0,5,9913.420000000002,75.22000000000017,-3186.7900000000004,0.7550327590390682,4121,0.002738831998809,3.186068410954238,1504656,62793.920000000006,0.1578722908205125,50.18532258064516,0.0150448920165008,159.89387096774198,62,0
2100.0,18,1032.35,179.74999999999994,-1919.2,1.3272475795297372,1446,0.0018509889862315,0.5379064193413924,781204,7241.19,0.1425663461392395,274.1714285714285,0.0048409405255878,147.47857142857146,7,1
50.0,1,845.0,47.0,-3.0,0.3,10,0.0177619893428063,281.6666666666667,563,8429.390000000001,0.1002445016780573,3.0,0.1,845.0,1,0
300.0,22,306.11,-1.6399999999999952,-305.77,0.2315320566194837,1201,0.0136481925520188,1.100837918509728,87997,1258.02,0.2433268151539721,69.5175,0.0033305578684429,76.5275,4,1
150.0,7,2423.4,-41.41,-191.41,0.4482669789227166,427,0.0054914670061859,12.66078052348362,77757,20296.29,0.119401131931008,11.963125000000002,0.0374707259953161,151.4625,16,1
100.0,30,2837.19,3.2099999999999493,-129.17999999999998,0.2371939736346515,531,0.0447874493927125,22.526319968241367,11856,9274.96,0.305897815192734,6.297499999999999,0.0376647834274952,141.8595,20,0
50.0,1,47.3,-0.4000000000000057,-50.4,0.3,168,0.0530470476791916,0.9384920634920636,3167,234.61,0.2016111845189889,50.4,0.0059523809523809,47.3,1,1
50.0,27,0.0,47.9,-2.1,0.1909090909090909,11,0.0088,0.0,1250,816.6899999999999,0.0,0.0,0.0,0.0,0,1
500.0,30,169.86,239.6,-260.40000000000003,0.3187270501835986,817,0.0086380985610217,0.6523041474654376,94581,1080.67,0.1571802677968297,130.20000000000002,0.0024479804161566,84.92999999999999,2,1
50.0,1,0.0,18.45,-31.55,0.3231182795698925,93,0.0027191392316238,0.0,34202,371.96,0.0,0.0,0.0,0.0,0,1
100.0,2,0.0,21.62000000000005,-77.63000000000001,0.1634599156118143,474,0.0084335634474414,0.0,56204,537.6800000000001,0.0,0.0,0.0,0.0,0,0
0.0,0,0.0,324.3500000000001,-12.3,0.3,41,0.0072720822986874,0.0,5638,297.32,0.0,0.0,0.0,0.0,0,1
350.0,1,410.04,39.46999999999994,-310.53,0.285939226519337,1086,0.0044060370009737,1.3204521302289631,246480,1071.28,0.3827570756478231,62.106,0.0046040515653775,82.008,5,1
50.0,1,894.6,19.15000000000001,-66.44999999999999,0.1499999999999999,443,0.0072754146822138,13.462753950338604,60890,2785.9800000000005,0.3211078327913337,16.612499999999997,0.0090293453724604,223.65,4,1
150.0,17,0.0,0.0,-150.0,3.0,50,0.0038118472211633,0.0,13117,112.85,0.0,0.0,0.0,0.0,0,1
950.0,13,1156.72,32.93999999999999,-917.06,1.3310014513788104,689,0.0017788173575397,1.2613351361961045,387336,11282.569999999996,0.1025227408294387,70.54307692307695,0.0188679245283018,88.97846153846154,13,0
1000.0,9,1897.88,83.66999999999959,-1072.9,0.3821765988372093,2752,0.0046688144570382,1.8044972664606609,589443,257.0,7.384747081712063,116.86111111111111,0.0032703488372093,210.8755555555556,9,1
0.0,27,103.79,16.59999999999994,-4.199999999999999,0.1760869565217391,23,0.0271546635182998,25.62716049382716,847,469.16,0.2212251683860516,4.05,0.0434782608695652,103.79,1,0
50.0,1,0.0,-0.1799999999999961,-50.18000000000001,0.3772932330827068,133,0.0027297729978243,0.0,48722,49.99,0.0,0.0,0.0,0.0,0,1
2000.0,31,2801.05,89.29999999999997,-2066.6000000000004,0.5708938229433533,3513,0.0058171979089218,1.3966492981975018,603899,24051.69,0.1164595918207826,51.42435897435899,0.0111016225448334,71.82179487179488,39,1
500.0,4,985.37,24.05000000000002,-475.9500000000001,0.6988986784140969,681,0.0042354960692606,2.070322512868999,160784,2488.4700000000003,0.3959742331633493,31.73,0.0220264317180616,65.69133333333333,15,1
300.0,3,95.98,-4.310000000000002,-304.31,1.311681034482759,232,0.0031443983627443,0.3154020571128125,73782,889.64,0.1078863360460411,152.15500000000003,0.0086206896551724,47.99,2,0
50.0,1,0.0,-1.0000000000000329,-50.1,0.15,334,0.0085039209695488,0.0,39276,222.9,0.0,0.0,0.0,0.0,0,1
50.0,16,0.0,-0.2000000000000241,-100.2,0.3,332,0.0046598453268207,0.0,71247,415.0,0.0,0.0,0.0,0.0,0,1
100.0,2,130.57,25.74999999999996,-91.80000000000004,0.3,278,0.0032200150576243,1.565587529976019,86335,2286.46,0.0571057442509381,41.7,0.0071942446043165,65.285,2,1
150.0,1,1148.53,78.59999999999988,-201.45,0.15,1301,0.0114958779192549,5.885370228029719,113171,17813.45,0.0644754385029289,27.87857142857144,0.005380476556495,164.07571428571427,7,0
1550.0,30,1588.38,68.18000000000002,-1485.4699999999998,0.5193951048951049,2860,0.0054213795704978,1.0692777370125282,527541,9275.38,0.1712468923106115,92.841875,0.0055944055944055,99.27375,16,0
0.0,6,79.89,320.70000000000005,-26.100000000000005,0.3,87,0.0167727009832273,3.060919540229885,5187,4818.969999999999,0.016578231447799,26.1,0.0114942528735632,79.89,1,1
0.0,0,1074.85,238.00000000000009,-35.1,0.15,223,0.0152572523262178,32.133034379671145,14616,0.0,0.0,2.7875,0.0538116591928251,89.57083333333333,12,1
100.0,2,0.0,-0.4000000000000439,-100.2,0.15,668,0.0045818386342279,0.0,145793,0.0,0.0,0.0,0.0,0.0,0,1
50.0,29,114.99,37.7,-12.3,0.15,82,0.1129476584022038,9.348780487804875,726,4502.099999999999,0.0255414140067968,12.3,0.0121951219512195,114.99,1,1
450.0,19,87.77,-16.659999999999968,-457.0,0.9785867237687365,467,0.0042273537851562,0.1920568927789934,110471,889.8500000000001,0.098634601337304,228.5,0.0042826552462526,43.885,2,0
350.0,19,179.9,-5.119999999999973,-351.14,0.15795771479982,2223,0.0037604032749171,0.5123312638833514,591160,261.59000000000003,0.6877174203906876,351.14,0.0004498425551057,179.9,1,1
650.0,4,84.89,-3.8500000000000014,-653.85,0.2976103777878925,2197,0.0037256926956412,0.1298310009941118,589689,0.0,0.0,653.8499999999999,0.0004551661356395,84.89,1,1
600.0,12,0.0,-8.970000000000006,-608.97,0.661923913043478,920,0.0019678386714522,0.0,467518,625.29,0.0,0.0,0.0,0.0,0,1
50.0,22,0.0,43.90000000000003,-11.400000000000002,0.3,38,0.1027027027027027,0.0,370,338.39,0.0,0.0,0.0,0.0,0,0
150.0,1,0.0,20.99999999999992,-179.4,0.3000000000000001,577,0.2113553113553113,0.0,2730,2473.2600000000007,0.0,0.0,0.0,0.0,0,0
50.0,7,0.0,-0.0799999999999983,-50.08,0.3602877697841727,139,0.0022755549734791,0.0,61084,0.0,0.0,0.0,0.0,0.0,0,0
6600.0,22,39673.4,18.32000000000039,-6533.759999999998,0.5752987178321362,10997,0.0047556198652322,6.270927644723198,2312422,237182.78000000003,0.1672693101919119,46.518823529411776,0.0123670091843229,291.71617647058827,136,0
100.0,12,159.51,8.869999999999997,-91.12999999999998,0.867904761904762,105,0.0035404794820784,1.7503566333808842,29657,1009.67,0.1579823110521259,45.565000000000005,0.019047619047619,79.755,2,1
150.0,3,922.52,29.499999999999982,-123.45000000000002,0.1695190947666195,707,0.0121498539267915,7.697288277012931,58190,3130.55,0.2946830429157815,19.975000000000005,0.0084865629420084,153.75333333333333,6,0
400.0,8,882.61,3.700000000000003,-414.4000000000001,0.4000000000000001,977,0.0045084331233704,2.2584698055271235,216705,3742.4,0.2358406370243694,65.13333333333334,0.0061412487205731,147.10166666666666,6,0
1250.0,19,8270.87,3.099999999999973,-1296.9,0.5650980392156862,2295,0.0043979671618451,6.3774153751253,521832,59018.810000000005,0.1401395588965619,14.09673913043478,0.0400871459694989,89.90076086956523,92,1
500.0,25,0.0,16.040000000000013,-530.16,0.7078237650200266,749,0.0101589626736111,0.0,73728,7705.869999999999,0.0,0.0,0.0,0.0,0,0
430.0,0,240.72,188.90000000000003,-241.1,0.578177458033573,417,0.0025295263052537,0.9984238905018664,164853,6051.58,0.0397780414371122,60.27499999999999,0.0095923261390887,60.18,4,0
50.0,11,0.0,-0.6499999999999986,-50.65,0.8169354838709678,62,0.0028501815841493,0.0,21753,562.2,0.0,0.0,0.0,0.0,0,0
400.0,31,243.0,-6.530000000000001,-406.53,1.4365017667844522,283,0.0017595234986539,0.5977418640690725,160839,1481.68,0.1640030235948383,406.53,0.0035335689045936,243.0,1,1
250.0,8,448.34,-1.480000000000004,-251.48,0.5917176470588235,425,0.0038476511221561,1.7828057897248295,110457,2600.16,0.1724278505938096,125.73999999999998,0.0047058823529411,224.17,2,1
50.0,9,0.0,46.4,-3.6,0.1499999999999999,24,0.0370942812982998,0.0,647,592.0,0.0,0.0,0.0,0.0,0,0
100.0,2,567.63,21.40000000000002,-111.95,0.1579268292682926,656,0.0072431763978447,5.479054054054053,90568,149.9,3.786724482988659,34.53333333333334,0.0045731707317073,189.21,3,1
50.0,1,155.0,11.499999999999991,-46.2,0.15,291,0.0044742385338027,3.550973654066438,65039,1383.96,0.1119974565738894,14.55,0.0103092783505154,51.66666666666666,3,1
850.0,5,2079.3,363.2000000000001,-486.8,0.366566265060241,1328,0.0043344582906306,4.271364009860312,306382,7073.629999999999,0.2939509134631017,32.45333333333334,0.0112951807228915,138.62,15,0
1550.0,1,1942.1500000000003,15.09999999999996,-1557.4499999999996,0.4729839974898022,3187,0.002097596484831,1.2884105081597457,1519358,9924.27,0.1956970134831075,65.53913043478259,0.007216818324443,84.4413043478261,23,0
50.0,18,0.0,43.81,-6.19,0.1875757575757575,33,0.0155586987270155,0.0,2121,212.59,0.0,0.0,0.0,0.0,0,0
100.0,2,0.0,49.8,-50.2,0.8229508196721312,61,0.0021078820968243,0.0,28939,14635.039999999995,0.0,0.0,0.0,0.0,0,0
300.0,6,275.87,38.95999999999992,-264.80999999999995,0.2222791519434628,1132,0.0031113774166772,1.096375486845243,363826,2268.07,0.1216320483935681,83.87333333333332,0.0026501766784452,91.95666666666666,3,0
100.0,25,0.0,6.9,-91.6,0.4746113989637305,193,0.0043756234696653,0.0,44108,481.8,0.0,0.0,0.0,0.0,0,1
200.0,4,0.0,44.830000000000005,-155.17,0.7424401913875599,209,0.002875619152449,0.0,72680,889.0799999999999,0.0,0.0,0.0,0.0,0,0
100.0,23,625.84,-23.55000000000001,-88.75,0.2361263736263736,364,0.0053642218194143,7.281442699243747,67857,892.99,0.7008365155264897,28.65,0.0082417582417582,208.61333333333332,3,1
300.0,7,673.8900000000001,2.450000000000024,-297.55,0.1503632589517384,1927,0.0040193898537,2.325763589301122,479426,534.09,1.2617536370274671,36.21875,0.0041515308770108,84.23625000000001,8,1
50.0,1,0.0,35.699999999999974,-23.649999999999995,0.1571428571428571,140,0.0037324375483217,0.0,37509,531.2800000000001,0.0,0.0,0.0,0.0,0,1
200.0,4,25.42,18.81000000000001,-223.94000000000003,0.5294089834515366,423,0.0033129180307326,0.1135125480039296,127682,5729.589999999999,0.0044366176288355,223.94,0.0023640661938534,25.42,1,1
50.0,31,461.67,10.42999999999991,-134.0,0.4056250000000001,320,0.0101949789728558,3.5567796610169475,31388,13114.010000000002,0.0352043349059517,64.90000000000002,0.00625,230.835,2,1
0.0,19,275.89,59.47999999999994,-184.79999999999995,0.3,598,0.0159241605197986,1.5378483835005576,37553,3137.33,0.0879378324881348,59.79999999999999,0.0050167224080267,91.96333333333332,3,0
800.0,6,1358.88,123.56999999999977,-758.3999999999999,0.4939233817701451,1514,0.0069117902175798,1.8171703664081316,219046,4811.780000000001,0.2824069263349529,41.54444444444443,0.011889035667107,75.49333333333334,18,0
650.0,13,1401.43,-156.3300000000001,-642.9400000000002,0.2426092184368735,2495,0.0036756635714485,2.315226908526211,678789,4489.33,0.3121690764546157,151.3274999999999,0.0016032064128256,350.3575,4,0
100.0,2,0.0,49.53,-50.47,0.3202614379084967,153,0.0037026281399738,0.0,41322,1385.38,0.0,0.0,0.0,0.0,0,0
300.0,6,164.29000000000002,-3.699999999999996,-343.40000000000003,0.3832589285714285,896,0.004596899145264,0.4784216656959814,194914,2550.4,0.0644173462986198,171.7,0.0022321428571428,82.14500000000001,2,1
0.0,0,0.0,-0.3999999999999942,-50.4,0.5361702127659574,94,0.0021256868908437,0.0,44221,206.29,0.0,0.0,0.0,0.0,0,0
1600.0,2,880.39,505.80000000000007,-1084.1,1.1484110169491526,944,0.0033838764024805,0.8120929803523659,278970,21790.870000000006,0.0404017829485467,180.68333333333337,0.0063559322033898,146.73166666666663,6,0
0.0,0,176.97,27.8,-19.950000000000003,0.15,131,0.2425925925925925,9.006106870229008,540,694.07,0.254974282132926,9.825,0.015267175572519,88.485,2,0
400.0,0,548.27,14.599999999999984,-390.3,0.15,2553,0.0073590453130404,1.4317012664838744,346920,2484.59,0.220668198777263,76.59000000000005,0.0019584802193497,109.654,5,1
0.0,2,0.0,24.200000000000006,-70.44999999999999,0.658411214953271,107,0.0017980473541817,0.0,59509,0.0,0.0,0.0,0.0,0.0,0,1
500.0,10,4117.160000000001,-48.73000000000005,-504.05,0.4962448559670782,972,0.0050285052095727,8.535627656266199,193298,12989.579999999996,0.3169586699492979,19.294,0.0257201646090535,164.68640000000002,25,0
50.0,1,0.0,14.579999999999965,-29.97,0.2341406249999998,128,0.0156766687078995,0.0,8165,413.5300000000001,0.0,0.0,0.0,0.0,0,0
500.0,2,525.04,11.49999999999988,-482.3,0.4138738738738738,1110,0.0052697544579274,1.142882020026121,210636,1627.14,0.3226765982029819,65.62857142857142,0.0063063063063063,75.00571428571428,7,0
0.0,26,81.82,-0.4000000000000143,-24.85,0.1908695652173913,115,0.0051551013089474,3.72756264236902,22308,650.8900000000001,0.1257048041911843,21.950000000000003,0.008695652173913,81.82,1,1
0.0,0,0.0,158.79999999999998,-138.60000000000002,0.3,449,0.0203360659450156,0.0,22079,3982.0299999999993,0.0,0.0,0.0,0.0,0,0
50.0,1,201.98,9.10000000000019,-77.05,0.156517094017094,468,0.0039869147413616,2.757406143344709,117384,773.44,0.2611450144807613,9.156250000000002,0.017094017094017,25.2475,8,0
1359.0,10,1667.77,54.090000000000025,-1350.2299999999998,0.2265471861471861,5775,0.0062025678093711,1.274751396840199,931066,3094.69,0.5389134291318356,109.02583333333332,0.002077922077922,138.98083333333332,12,1
0.0,0,0.0,38.75000000000004,-6.3000000000000025,0.15,40,40.0,0.0,1,116.19,0.0,0.0,0.0,0.0,0,0
150.0,3,1110.01,6.300000000000065,-152.7,0.184875,800,0.0096817136633184,7.505138607167002,82630,2588.83,0.4287689805819617,11.37692307692308,0.01625,85.38538461538461,13,0
200.0,4,0.0,-3.989999999999995,-203.99,1.1524858757062146,177,0.0025579882939518,0.0,69195,138.99,0.0,0.0,0.0,0.0,0,1
450.0,8,168.32,36.69999999999998,-446.29,0.1511665495432185,2846,0.0030773456109979,0.391241690297987,924823,25161.899999999998,0.0066894789344206,430.22,0.0003513703443429,168.32,1,1
150.0,8,472.41,-329.60000000000025,-148.79999999999998,0.2225352112676056,639,0.0287617590133681,3.3221518987341767,22217,2403.6200000000003,0.1965410505820387,23.700000000000003,0.0093896713615023,78.735,6,0
550.0,11,2288.29,2.2400000000000237,-542.36,0.2208047437526471,2361,0.003071818891491,4.389415330315355,768600,1324.85,1.7272068536060683,40.101538461538446,0.0055061414654807,176.0223076923077,13,1
0.0,20,0.0,163.92000000000013,-6.0,0.3,20,0.0075987841945288,0.0,2632,602.5400000000001,0.0,0.0,0.0,0.0,0,0
100.0,2,1169.2200000000005,37.45000000000002,-62.55,0.15,417,0.0100873267374634,18.69256594724221,41339,10846.459999999995,0.1077973827405439,7.81875,0.0191846522781774,146.15250000000003,8,1
200.0,4,0.0,-3.6500000000000057,-203.65,0.6485668789808917,314,0.0020952749547914,0.0,149861,160.98,0.0,0.0,0.0,0.0,0,1
0.0,21,0.0,28.44999999999997,-45.0,0.1499999999999999,289,0.71712158808933,0.0,403,89.78999999999999,0.0,0.0,0.0,0.0,0,0
500.0,6,883.4300000000001,373.80000000000007,-510.0,0.1499999999999999,3281,0.0084209175489252,1.7950421619424977,389625,4829.030000000001,0.182941501709453,44.740909090909085,0.0033526363913441,80.31181818181818,11,1
100.0,15,700.61,38.5,-61.5,0.3,205,0.0095513208777896,11.392032520325204,21463,786.5899999999999,0.8906927370040302,10.25,0.0292682926829268,116.76833333333332,6,0
100.0,2,119.94,2.3092638912203256e-14,-600.0,0.4836833602584814,1238,0.0033103285995812,0.2003006012024047,373981,821.5999999999999,0.145983446932814,598.8000000000001,0.0008077544426494,119.94,1,1
150.0,0,0.0,-4.109999999999999,-201.78,0.3002678571428572,672,0.0040796998506538,0.0,164718,2808.07,0.0,0.0,0.0,0.0,0,0
800.0,8,1558.9100000000003,65.5,-733.2000000000002,0.4881491344873503,1502,0.0078528967359764,2.1261729405346426,191267,3705.39,0.4207141488480295,38.58947368421053,0.0126498002663115,82.04789473684212,19,0
0.0,0,56.17,21.250000000000007,-18.3,0.1525423728813559,118,0.0006628654888632,3.120555555555556,178015,137.96,0.4071469991301826,17.999999999999996,0.0084745762711864,56.17,1,1
150.0,27,0.0,0.0,-150.0,0.6,250,0.0020057605442831,0.0,124641,863.43,0.0,0.0,0.0,0.0,0,1
50.0,25,0.0,49.4,-0.6,0.15,4,0.0216216216216216,0.0,185,170.91,0.0,0.0,0.0,0.0,0,1
200.0,5,2676.0900000000006,1.9000000000000727,-241.4,0.1730711610486891,1335,0.0049679409652318,11.582298203851984,268723,8001.070000000001,0.3344665151036049,9.242,0.0187265917602996,107.04360000000004,25,0
400.0,25,2005.7000000000005,18.399999999999984,-381.6,0.6534246575342466,584,0.0067530064754856,5.256027253668764,86480,2902.73,0.6909702245816871,22.447058823529414,0.0291095890410958,117.98235294117649,17,0
50.0,26,0.0,0.1999999999999784,-99.20000000000002,0.8131147540983606,122,0.0034650231474906,0.0,35209,5374.599999999998,0.0,0.0,0.0,0.0,0,1
1550.0,31,1602.78,-14.220000000000027,-1575.19,0.7060879629629631,2160,0.0022796520997601,1.0508999114841162,947513,6865.869999999997,0.2334416468706807,138.65,0.0050925925925925,145.70727272727274,11,0
100.0,2,202.89,-1.0500000000000411,-132.24999999999994,0.4477739726027398,292,0.0055312458563012,1.5517399617590817,52791,132.79,1.5279011973793206,65.37500000000001,0.0068493150684931,101.445,2,1
250.0,17,61.89,-18.39999999999988,-250.9,0.3499302649930265,717,0.0041575822238715,0.246671980868872,172456,655.1099999999999,0.0944726839767367,250.90000000000003,0.00139470013947,61.89,1,1
150.0,3,0.0,-6.59999999999998,-187.45,0.8862559241706162,211,0.004241802866735,0.0,49743,2212.9,0.0,0.0,0.0,0.0,0,1
650.0,13,1020.9,36.350000000000016,-894.85,0.8579578139980824,1043,0.003725585449142,1.1408615969156843,279956,6822.210000000001,0.1496435905666931,55.928125,0.0153403643336529,63.806250000000006,16,0
150.0,21,183.97,26.4,-123.6,0.2956937799043062,418,0.0103184398913848,1.4884304207119738,40510,1910.25,0.0963067661300876,41.2,0.0071770334928229,61.32333333333332,3,1
100.0,29,0.0,-0.2999999999999943,-110.55,0.15,727,0.0120665903168517,0.0,60249,297.8,0.0,0.0,0.0,0.0,0,1
50.0,30,65.89,0.7600000000001285,-54.78,0.22,239,0.0446061963419186,1.2531380753138075,5358,957.63,0.0688052797009283,52.580000000000005,0.00418410041841,65.89,1,0
1000.0,1,22028.16,173.29999999999956,-1809.85,0.328871147419235,5386,0.0056507014591525,12.436154237001071,953156,41443.09,0.5315279338485618,15.01101694915254,0.0219086520608986,186.67932203389827,118,0
1400.0,21,11470.79,-6.899999999999949,-1393.95,0.453681282722513,3056,0.006964940549583,8.273497060838833,438769,34726.240000000005,0.3303205299508382,19.52746478873239,0.0232329842931937,161.56042253521125,71,0
100.0,18,0.0,20.05,-79.95,0.1499999999999999,533,0.0067015364498202,0.0,79534,1003.35,0.0,0.0,0.0,0.0,0,1
950.0,22,1831.54,-84.44999999999993,-946.2,0.2981697171381032,3005,0.0076721967758901,2.044129464285714,391674,31071.67000000001,0.058945656927999,28.903225806451616,0.0103161397670549,59.08193548387097,31,0
750.0,3,9461.609999999995,14.900000000000093,-909.3,0.409130634774609,2174,0.0086281824856626,10.637596267356228,251965,18805.459999999992,0.5031310055696591,38.67173913043478,0.0105795768169273,411.3743478260868,23,0
0.0,0,101.78,23.94999999999999,-45.45,0.1499999999999999,288,0.0416606393750904,2.356018518518519,6913,338.35,0.3008127678439486,21.599999999999994,0.0069444444444444,50.89,2,0
100.0,5,139.9,24.899999999999977,-74.10000000000001,0.3,247,0.0025432454695222,1.8879892037786772,97120,383.2000000000001,0.3650835073068893,74.10000000000001,0.0040485829959514,139.9,1,0
100.0,2,0.0,-4.199999999999996,-101.95,0.3515517241379309,290,0.0348055688910225,0.0,8332,275.34000000000003,0.0,0.0,0.0,0.0,0,1
0.0,0,67.98,29.289999999999992,-400.26,0.7745638945233266,493,0.0010945996052336,0.1780233593463573,450393,2480.0199999999995,0.0274110692655704,190.93,0.0040567951318458,33.99,2,1
50.0,20,0.0,-0.75,-50.75,0.6952054794520549,73,0.0043105993504576,0.0,16935,123.09,0.0,0.0,0.0,0.0,0,1
500.0,4,2318.58,40.12999999999992,-493.78,0.5043718079673135,979,0.0021007276371212,4.695572927214549,466029,14324.59,0.1618601300281544,49.378,0.010214504596527,231.858,10,1
50.0,13,0.0,3.5999999999999943,-46.400000000000006,0.1506493506493506,308,0.0083825490569632,0.0,36743,56.89,0.0,0.0,0.0,0.0,0,1
0.0,3,0.0,133.35,-10.35,0.15,69,0.0054614532214658,0.0,12634,107.91,0.0,0.0,0.0,0.0,0,1
200.0,2,382.14,-1.6800000000000077,-267.69000000000005,0.35921302578019,737,0.0053382200621464,1.4434539548236,138061,4692.66,0.0814335579394202,66.18500000000002,0.005427408412483,95.535,4,1
50.0,24,0.0,-23.85000000000004,-21.85,0.1662037037037037,108,0.0135304434978702,0.0,7982,1431.19,0.0,0.0,0.0,0.0,0,0
50.0,27,0.0,-0.7000000000000014,-50.7,0.15,338,0.0037982222521884,0.0,88989,572.3700000000001,0.0,0.0,0.0,0.0,0,1
550.0,11,2497.76,44.30000000000006,-514.8000000000001,0.2181895452613684,2353,0.0070188102922664,4.865134398130113,335242,5361.52,0.4658678882108058,19.01481481481481,0.0114747131321716,92.5096296296296,27,1
450.0,27,1705.2900000000004,34.51000000000003,-443.18,0.3024770642201835,1417,0.0058590519665244,3.9786519213270815,241848,4974.81,0.3427849505810272,15.874444444444444,0.0190543401552575,63.1588888888889,27,0
150.0,1,299.39,62.350000000000165,-137.80000000000004,0.350558659217877,358,0.0102584675339561,2.3855776892430285,34898,5017.390000000001,0.0596704661188386,20.91666666666666,0.0167597765363128,49.89833333333333,6,0
200.0,9,169.9,21.649999999999995,-178.35000000000002,0.15,1189,0.0079032204460101,0.9526212503504344,150445,331.3,0.5128282523392695,178.35000000000002,0.0008410428931875,169.9,1,0
750.0,15,2983.47,7.0999999999999694,-758.8499999999999,0.152310748640736,4782,0.0095069393500211,4.096203748197984,503001,5214.270000000001,0.5721740531272832,19.685135135135123,0.007737348389795,80.63432432432433,37,0
50.0,1,0.0,-2.6000000000000014,-52.6,1.7533333333333334,30,0.005656108597285,0.0,5304,1123.78,0.0,0.0,0.0,0.0,0,1
150.0,3,0.0,43.36999999999989,-332.62999999999994,0.460125173852573,719,0.0055604104959514,0.0,129307,3301.0200000000004,0.0,0.0,0.0,0.0,0,0
250.0,5,411.74,48.3,-251.7,0.5998800959232613,417,0.0024608303089315,1.6459724165500702,169455,492.71,0.8356639808406567,83.38333333333333,0.0071942446043165,137.24666666666667,3,1
0.0,0,0.0,-0.099999999999996,-47.7,0.3,159,0.0056519266315939,0.0,28132,199.7,0.0,0.0,0.0,0.0,0,1
1200.0,17,1574.1,44.64000000000016,-1155.36,0.4479875920899574,2579,0.0030009588173964,1.3624324885749894,859392,2169.98,0.7253983907685785,288.84000000000003,0.0015509887553315,393.525,4,1
600.0,23,0.0,-6.280000000000001,-604.95,1.8556748466257664,326,0.0013908146504831,0.0,234395,1148.5500000000002,0.0,0.0,0.0,0.0,0,0
350.0,6,239.0,34.050000000000004,-315.95000000000005,0.3153193612774451,1002,0.0012771994406835,0.7564488051906948,784529,11986.759999999998,0.0199386656611127,315.95,0.0009980039920159,239.0,1,1
541.16,20,0.0,241.61000000000004,-19.35,0.15,129,0.0424063116370808,0.0,3042,819.9,0.0,0.0,0.0,0.0,0,0
3680.0,10,4306.459999999997,1521.9000000000008,-2647.9,0.3969103298745547,6457,0.0083914139084079,1.6803402462102728,769477,40541.600000000006,0.1062232373660634,54.52872340425532,0.0072789221000464,91.62680851063824,47,0
100.0,1,4789.05,26.35000000000012,-94.8,0.15,612,0.0150761196235896,52.16830065359476,40594,7987.569999999998,0.5995628207327136,1.7000000000000004,0.088235294117647,88.68611111111112,54,0
50.0,1,0.0,44.75,-5.25,0.15,35,0.006612507084829,0.0,5293,681.4300000000001,0.0,0.0,0.0,0.0,0,1
150.0,10,79.9,-0.7500000000000031,-150.75000000000003,0.2979249011857708,506,0.0059007370090493,0.5300165837479269,85752,134.82,0.5926420412401722,150.75000000000003,0.0019762845849802,79.9,1,1
0.0,0,175.78,246.6499999999992,-35.1,0.3,114,0.1106796116504854,5.139766081871344,1030,400.48,0.4389232920495405,17.1,0.0175438596491228,87.89,2,0
350.0,22,0.0,300.3600000000002,-49.64,0.2121367521367521,234,0.0097047113470471,0.0,24112,16197.63,0.0,0.0,0.0,0.0,0,1
50.0,1,85.69,33.2,-16.8,0.15,112,0.0110420979986197,5.100595238095238,10143,933.6,0.0917844901456726,16.8,0.0089285714285714,85.69,1,1
100.0,12,0.0,94.6,-5.4,0.3,18,0.0229591836734693,0.0,784,1625.4900000000002,0.0,0.0,0.0,0.0,0,0
450.0,13,0.0,4.179999999999899,-467.1,0.5167973124300111,893,0.0020977115446955,0.0,425702,2323.61,0.0,0.0,0.0,0.0,0,1
150.0,30,0.0,37.24,-112.76,0.5395215311004784,209,0.0050265759157266,0.0,41579,550.71,0.0,0.0,0.0,0.0,0,0
0.0,16,159.9,22.09999999999997,-3.5999999999999988,0.15,24,0.005560704355885,44.41666666666667,4316,159.9,1.0,3.6,0.0416666666666666,159.9,1,1
1050.0,24,2469.7200000000003,23.9999999999999,-1046.85,0.3416808728264576,2933,0.0062861809039841,2.4644214937883557,466579,6520.9400000000005,0.378736807883526,111.35,0.0030685305148312,274.41333333333336,9,0
50.0,28,109.99,-0.5499999999999972,-515.9999999999999,0.7999999999999998,645,0.0023858138399396,0.2131589147286822,270348,335.97,0.3273804208709111,515.9999999999999,0.0015503875968992,109.99,1,0
50.0,1,0.0,-0.519999999999996,-50.52,0.3460273972602739,146,0.0101234225488836,0.0,14422,154.4,0.0,0.0,0.0,0.0,0,0
150.0,4,0.0,7.4599999999999955,-186.49,0.1501472995090016,1222,0.0035752843111726,0.0,341791,294.34000000000003,0.0,0.0,0.0,0.0,0,1
300.0,6,64.38,-30.030000000000246,-309.9600000000001,0.3491954022988506,870,0.0024149292592273,0.2119157340355496,360259,48.89,1.3168337083248107,303.8,0.0011494252873563,64.38,1,1
50.0,1,430.85,33.94999999999998,-17.4,0.15,108,0.0408163265306122,26.59567901234568,2646,5099.540000000001,0.0844880126442777,3.24,0.0462962962962962,86.17,5,0
100.0,2,0.0,14.6,-85.4,0.7000000000000001,122,0.0041284558898176,0.0,29551,1671.8200000000002,0.0,0.0,0.0,0.0,0,1
50.0,6,0.0,-0.1000000000000067,-50.1,0.1580441640378548,317,0.0042769060564767,0.0,74119,109.9,0.0,0.0,0.0,0.0,0,1
500.0,4,0.0,141.06000000000006,-378.54,0.5316573033707864,712,0.0030865000303448,0.0,230682,1146.5600000000002,0.0,0.0,0.0,0.0,0,1
0.0,0,235.57,11.300000000000004,-2.6500000000000004,0.1558823529411764,17,0.103030303030303,88.89433962264151,165,1476.2900000000002,0.1595689193857575,1.325,0.1176470588235294,117.785,2,1
50.0,1,0.0,46.05,-3.95,0.1921052631578947,19,0.0052631578947368,0.0,3610,710.7099999999999,0.0,0.0,0.0,0.0,0,0
900.0,12,603.36,19.349999999999973,-880.6499999999999,0.7431645569620253,1185,0.0049139743478098,0.68513030148186,241149,3290.5300000000007,0.1833625586151774,97.85,0.0075949367088607,67.04,9,0
1160.0,2,169.8,80.28000000000011,-1112.55,0.431220930232558,2580,0.0018537971945869,0.1526223540515033,1391738,3188.379999999999,0.0532558854339821,556.2749999999999,0.0007751937984496,84.9,2,0
450.0,9,510.03,-47.81999999999989,-441.52,0.7098392282958197,622,0.0030697252053063,1.155168508787824,202624,1010.17,0.5048952156567705,110.37999999999997,0.0064308681672025,127.5075,4,0
50.0,1,72.45,-0.6500000000001251,-94.35,0.1637082601054481,569,0.0096798339627777,0.777777777777778,58782,179.85000000000002,0.402835696413678,93.14999999999998,0.0017574692442882,72.45,1,1
2150.0,7,5375.28,-3.0499999999998124,-2165.8500000000004,0.5363762977969107,3949,0.0011730381241846,2.537723957226825,3366472,12479.809999999996,0.4307180958684468,66.1921875,0.0081033172955178,167.9775,32,0
1000.0,17,816.06,39.49999999999998,-961.05,0.15,6249,0.0104563198907683,0.8706032965274443,597629,3674.29,0.222100051982832,78.1125,0.0019203072491598,68.005,12,1
100.0,2,362.42,27.800000000000004,-72.19999999999999,0.2,361,0.0171106265996776,5.019667590027701,21098,5545.389999999999,0.0653551869210281,10.314285714285717,0.0193905817174515,51.77428571428572,7,1
400.0,8,1742.89,20.200000000000028,-423.9,0.4504782146652497,941,0.0032579492576999,4.111559330030668,288832,4232.580000000001,0.4117795765230662,52.9875,0.0085015940488841,217.86125,8,1
1550.0,23,1826.68,-10.670000000000002,-1579.0099999999998,0.6568414267296946,2327,0.0022522064751662,1.195103600332359,1033209,15013.189999999997,0.1216716767056168,138.9518181818181,0.00472711645896,166.06181818181815,11,1
50.0,11,166.79000000000002,37.35000000000003,-15.600000000000003,0.15,102,0.0211486626580966,10.901307189542484,4823,1178.29,0.1415525889212333,7.65,0.0196078431372549,83.39500000000001,2,1
100.0,22,844.0699999999999,4.799999999999993,-95.10000000000002,0.15,634,0.0253306164848775,8.875604626708727,25029,0.0,0.0,7.315384615384615,0.0205047318611987,64.92846153846153,13,1
200.0,15,0.0,63.900000000000034,-185.1,0.2999999999999999,617,0.0039913574496713,0.0,154584,32796.29,0.0,0.0,0.0,0.0,0,1
0.0,12,0.0,-0.2499999999999901,-21.9,0.1499999999999999,140,0.0187240872007489,0.0,7477,170.17999999999998,0.0,0.0,0.0,0.0,0,0
1300.0,2,5706.249999999999,452.6699999999972,-1204.5699999999997,0.2901433601609657,3976,0.0047709786265917,4.94642903580933,833372,49900.42000000001,0.1143527449267961,30.358157894736834,0.0095573440643863,150.1644736842105,38,0
150.0,3,302.3,-0.2000000000000257,-177.0,0.2,873,0.0053301909832462,1.731386025200458,163784,1473.6,0.205143865363735,43.650000000000006,0.0045819014891179,75.575,4,1
0.0,0,0.0,-0.0999999999999909,-38.1,0.15,252,0.4666666666666667,0.0,540,119.9,0.0,0.0,0.0,0.0,0,1
100.0,23,0.0,-0.760000000000018,-121.4,0.1999999999999999,584,0.0024203140606156,0.0,241291,1459.6999999999998,0.0,0.0,0.0,0.0,0,1
350.0,1,1233.2,110.40000000000002,-239.6,0.6600550964187331,363,0.0030178828263345,5.146911519198662,120283,7535.170000000001,0.1636592140588732,47.92000000000002,0.0137741046831955,246.64,5,0
350.0,12,1468.56,281.9500000000001,-87.75,0.75,117,0.0032754759238521,16.735726495726496,35720,5340.869999999999,0.2749664380522275,43.875,0.017094017094017,734.28,2,1
2140.0,0,1935.69,16.220000000000013,-2160.87,0.5667112509834774,3813,0.0028035094968608,0.8957919726776716,1360081,6053.6900000000005,0.3197537369769512,83.11038461538459,0.006818777865198,74.44961538461538,26,0
450.0,9,92.9,21.53000000000001,-456.9,1.279831932773109,357,0.0044481547010889,0.2033267673451521,80258,13632.86,0.0068144175176742,456.8999999999999,0.0028011204481792,92.9,1,0
50.0,1,0.0,31.89999999999999,-22.8,0.15,125,0.011512249032971,0.0,10858,114.95,0.0,0.0,0.0,0.0,0,1
150.0,2,274.32,29.99999999999998,-120.0,0.3,400,0.0025805785657144,2.286,155004,8804.189999999999,0.0311578918673949,60.000000000000014,0.005,137.16,2,1
400.0,8,2177.82,-1.4499999999999584,-621.05,0.1533449825262106,4006,0.010717104295135,3.545205925443595,373795,3734.3,0.5831936373617547,22.75185185185185,0.0067398901647528,80.66000000000001,27,1
640.0,11,6046.17,-290.11999999999995,-871.55,0.5512650221378873,1581,0.0073804699972924,6.937261201308016,214214,47782.98999999999,0.1265339402159639,23.5554054054054,0.0234029095509171,163.41,37,0
50.0,1,90.36,9.600000000000003,-40.4,0.3258064516129032,124,0.02775290957923,2.236633663366337,4468,295.16,0.30613904323079,40.4,0.0080645161290322,90.36,1,1
0.0,0,0.0,43.28,-6.4,0.2206896551724137,29,0.0083453237410071,0.0,3475,0.0,0.0,0.0,0.0,0.0,0,1
0.0,20,105.98,-32.55999999999997,-31.31,0.5798148148148149,54,0.0065701423530843,3.3848610667518364,8219,226.25,0.4684198895027624,31.31,0.0185185185185185,105.98,1,0
100.0,25,127.11,45.39999999999999,-54.6,0.3,182,0.0088706925963834,2.3280219780219777,20517,3990.249999999999,0.031855146920619,27.3,0.0109890109890109,63.55499999999999,2,1
150.0,3,319.98,41.5,-108.5,0.4465020576131687,243,0.0031540009085599,2.9491244239631342,77045,39231.46000000001,0.008156209327922,54.24999999999999,0.0082304526748971,159.99,2,1
450.0,30,1113.41,37.700000000000045,-425.7499999999999,0.1743616575973211,2389,0.0040646049302688,2.672932421077901,587757,925.96,1.2024385502613504,52.06875000000002,0.0033486814566764,139.17625,8,1
200.0,4,0.0,-12.710000000000004,-211.66,1.7208130081300812,123,0.0041750110315332,0.0,29461,668.45,0.0,0.0,0.0,0.0,0,0
500.0,1,136.5,-645.8700000000005,-208.45,0.9518264840182648,219,0.0064202163524962,0.6548332933557208,34111,23587.71,0.0057869119130258,208.45,0.0045662100456621,136.5,1,0
2900.0,15,4959.54,723.9899999999999,-2180.09,0.3514467089876378,5986,0.0045019061278117,2.3574647298170897,1329659,16461.29,0.3012850147224185,56.85837837837837,0.0061810892081523,134.04162162162163,37,0
50.0,20,199.8,2.729999999999972,-66.5,0.382183908045977,174,0.014692223254243,3.004511278195489,11843,492.47,0.405709992486852,33.25,0.0114942528735632,99.9,2,0
0.0,8,0.0,100.0,-4.799999999999999,0.1499999999999999,32,0.0040095226162135,0.0,7981,273.7,0.0,0.0,0.0,0.0,0,1
900.0,18,3032.28,44.89999999999998,-864.9000000000001,0.4996354799513973,1646,0.0053701697834966,3.687110894941634,306508,7010.42,0.4325389919576858,74.76363636363637,0.0066828675577156,275.66181818181815,11,0
50.0,12,0.0,-0.1000000000000005,-50.1,0.3,167,0.0025418182371653,0.0,65701,136.88,0.0,0.0,0.0,0.0,0,1
500.0,10,705.23,-9.879999999999932,-503.0999999999999,0.6328998699609883,769,0.002961781844932,1.4490034929114444,259641,1037.37,0.6798249419204335,97.34,0.0065019505851755,141.046,5,0
600.0,3,3342.13,46.05000000000008,-553.95,0.3727792732166891,1486,0.008715184713824,6.033270150735626,170507,39860.21,0.083846271758227,21.30576923076923,0.0174966352624495,128.54346153846151,26,1
400.0,8,1295.08,-2.5700000000000296,-401.78,0.1730559284116332,2235,0.0033643931297135,3.348363410724441,664310,3255.78,0.3977787196923625,20.35684210526317,0.0085011185682326,68.1621052631579,19,0
0.0,0,0.0,-1.229999999999981,-8.25,0.15,55,6.111111111111111,0.0,9,203.67,0.0,0.0,0.0,0.0,0,0
0.0,17,1458.67,82.5200000000001,-151.2,0.1509155645981688,983,0.0073824293674992,9.832625547691274,133154,2664.53,0.5474398862088249,6.743181818181816,0.022380467955239,66.30318181818183,22,1
0.0,0,0.0,91.3,-2.7,0.1499999999999999,16,0.0094562647754137,0.0,1692,394.4500000000001,0.0,0.0,0.0,0.0,0,1
350.0,8,0.0,107.24,-242.76,0.3136434108527132,774,0.0029593490961367,0.0,261544,4818.56,0.0,0.0,0.0,0.0,0,0
100.0,26,0.0,-1.400000000000012,-102.35,0.7363309352517985,139,0.0036685141198205,0.0,37890,67.99,0.0,0.0,0.0,0.0,0,1
500.0,1,339.96,309.63000000000005,-190.37,0.2008122362869198,948,0.0047388152961759,1.785785575458318,200050,600.67,0.565968002397323,47.5925,0.0042194092827004,84.99,4,0
50.0,4,0.0,-0.1000000000000014,-50.1,0.3150943396226415,159,0.003529568460309,0.0,45048,209.86,0.0,0.0,0.0,0.0,0,0
350.0,1,221.92,172.40999999999983,-225.14,0.6134604904632153,367,0.0045362965526618,0.9856977880429956,80903,1532.89,0.1447722928585873,56.285,0.0108991825613079,55.48,4,0
0.0,0,134.05,431.8500000000001,-95.54999999999995,0.15,621,0.0160212584814633,1.4390767579173378,38761,568.65,0.2357337553855623,93.15,0.001610305958132,134.05,1,0
600.0,25,1676.0900000000004,49.39999999999999,-574.7500000000001,0.3596699669966995,1515,0.0026508397825436,3.0759588915397336,571517,5479.0,0.3059116627121738,27.244999999999997,0.0132013201320132,83.80450000000002,20,1
0.0,0,0.0,15.00000000000002,-28.549999999999997,0.2632075471698113,106,0.0029362067532755,0.0,36101,479.79,0.0,0.0,0.0,0.0,0,1
0.0,1,0.0,193.50000000000037,-69.69999999999997,0.3353233830845771,201,0.0036645396536007,0.0,54850,52806.34,0.0,0.0,0.0,0.0,0,0
50.0,1,0.0,32.649999999999984,-365.25,0.2933681672025723,1244,0.0027503321844137,0.0,452309,702.73,0.0,0.0,0.0,0.0,0,1
350.0,27,0.0,293.65000000000003,-56.35,1.0245454545454546,55,0.0031845289792137,0.0,17271,1661.3299999999997,0.0,0.0,0.0,0.0,0,1
1400.0,24,2140.36,275.8,-1285.65,0.5727630968938341,2157,0.004559839168955,1.732453761787203,473043,830.98,2.5757057931598832,95.0346153846154,0.0060268891979601,164.6430769230769,13,0
50.0,6,0.0,-1.0700000000000005,-51.07,0.5938372093023255,86,0.0038341506910387,0.0,22430,195.0,0.0,0.0,0.0,0.0,0,1
50.0,1,0.0,31.4,-18.6,0.1499999999999999,124,0.0127088244337398,0.0,9757,681.96,0.0,0.0,0.0,0.0,0,0
500.0,18,1459.27,424.5,-75.5,0.25,302,0.0048185081771041,19.328079470198677,62675,8681.48,0.1680900030870312,6.863636363636363,0.0364238410596026,132.6609090909091,11,1
150.0,30,0.0,121.69999999999996,-87.6,0.2999999999999999,283,0.251779359430605,0.0,1124,8924.380000000001,0.0,0.0,0.0,0.0,0,0
2010.0,14,16513.300000000003,25.6000000000001,-1984.4,0.5780367025924849,3433,0.0077937704322557,8.321558153598065,440480,225.96,73.08063374048506,21.110638297872345,0.0273812991552577,175.67340425531918,94,1
100.0,2,0.0,-4.849999999999992,-143.15,0.3499999999999999,382,0.0061572186134975,0.0,62041,348.29999999999995,0.0,0.0,0.0,0.0,0,1
350.0,9,372.6,25.87999999999976,-436.8,0.7999999999999999,534,0.0061383543692668,0.8721910112359551,86994,615.13,0.6057256189748509,427.2,0.0018726591760299,372.6,1,0
350.0,1,64.87,307.99999999999994,-42.0,0.1573033707865168,267,0.0141031058525248,1.5445238095238096,18932,1338.8900000000003,0.0484505821986869,42.0,0.0037453183520599,64.87,1,1
1100.0,22,8314.2,6.069999999999986,-1097.73,0.7034983277591973,1495,0.0040196059979512,7.905260855923099,371927,128238.12000000002,0.0648340758582549,32.8665625,0.0214046822742474,259.81875,32,1
1599.25,31,1537.75,8.2800000000001,-1643.47,1.9043684820393976,863,0.002699414136422,0.9356726925346978,319699,41366.03000000001,0.0371742224235683,164.34700000000004,0.0115874855156431,153.775,10,0
450.0,1,876.39,43.80000000000005,-418.6499999999999,0.1838952164009111,2195,0.0101231846293623,2.171163136380528,216829,1187.9599999999998,0.7377268594902187,57.6642857142857,0.0031890660592255,125.19857142857144,7,1
50.0,6,0.0,-0.4700000000000028,-50.470000000000006,0.3738518518518519,135,0.0043868200428933,0.0,30774,178.58999999999995,0.0,0.0,0.0,0.0,0,1
150.0,3,0.0,28.98,-121.02,1.1749514563106795,103,0.0016698550630654,0.0,61682,1196.25,0.0,0.0,0.0,0.0,0,1
140.0,3,10812.15,10.66999999999998,-184.0,0.25,723,0.3381665107577175,59.81825726141079,2138,81751.50000000003,0.1322562888754334,2.177710843373494,0.1147994467496542,130.26686746987951,83,0
850.0,11,389.97,-0.6399999999999558,-889.6899999999999,0.3667312448474856,2426,0.0027310132104039,0.4383212130067776,888315,2775.57,0.1405008700915487,222.4225,0.0016488046166529,97.4925,4,0
550.0,3,1230.09,68.33999999999999,-481.66,0.7444513137557961,647,0.0031413104168183,2.5538554166839678,205965,21556.49,0.0570635571932165,24.08300000000001,0.0309119010819165,61.50449999999999,20,1
50.0,25,429.97,4.800000000000007,-45.2,0.3863247863247863,117,0.0031129439936144,9.512610619469028,37585,2171.9,0.1979695197753119,15.066666666666665,0.0256410256410256,143.32333333333335,3,1
50.0,1,0.0,1.5800000000000018,-48.42,0.1542038216560509,314,0.0028609956993949,0.0,109752,44.48,0.0,0.0,0.0,0.0,0,1
450.0,18,1006.8,12.850000000000067,-437.1499999999999,0.516725768321513,846,0.0023732512700821,2.3030996225551874,356473,9156.39,0.1099559979424205,72.85833333333333,0.0070921985815602,167.8,6,1
100.0,1,2323.99,7.300000000000011,-242.7,0.6052369077306733,401,0.003775503478924,9.575566543057272,106211,45316.61,0.0512834035908687,14.276470588235291,0.0423940149625935,136.70529411764704,17,0
0.0,9,170.99,70.65000000000019,-66.2,0.3152380952380952,210,0.01032296121516,2.5829305135951666,20343,170.99,1.0,66.19999999999999,0.0047619047619047,170.99,1,0
0.0,0,0.0,46.79999999999999,-1.4,0.1999999999999999,7,0.0121317157712305,0.0,577,481.85,0.0,0.0,0.0,0.0,0,0
1940.0,28,2540.95,18.66999999999977,-1928.13,0.4942599372384937,3824,0.0032250963775859,1.3443824237454034,1185701,16426.44,0.1546865906428903,54.001428571428576,0.0091527196652719,72.59857142857142,35,1
550.0,2,943.2,1.1999999999999795,-548.8000000000001,0.4208588957055214,1304,0.0059399897052325,1.71865889212828,219529,8999.820000000002,0.1048020960419208,68.6,0.0061349693251533,117.9,8,1
50.0,1,0.0,-0.179999999999997,-50.18,0.2412499999999999,208,0.0020854220974533,0.0,99740,205.9,0.0,0.0,0.0,0.0,0,1
0.0,23,814.61,114.45,-307.9,0.3662241887905606,678,0.0046722209588389,3.280749093838098,145113,821.49,0.9916249741323692,62.07500000000002,0.0058997050147492,203.6525,4,1
550.0,2,370.49,335.95000000000005,-214.05000000000004,0.15,1427,0.0141052506721492,1.7308572763373042,101168,720.7900000000001,0.5140054662245591,53.5125,0.0028030833917309,92.6225,4,0
0.0,2,0.0,80.65000000000025,-4.049999999999999,0.15,25,0.0086685159500693,0.0,2884,146.29,0.0,0.0,0.0,0.0,0,0
100.0,1,0.0,-1.2300000000000253,-151.07999999999993,0.3924155844155842,385,0.0047154212647127,0.0,81647,146.11,0.0,0.0,0.0,0.0,0,1
0.0,15,0.0,8.949999999999866,-4.2,0.1499999999999999,28,0.1666666666666666,0.0,168,763.28,0.0,0.0,0.0,0.0,0,0
350.0,7,5260.82,-5.050000000000035,-365.85000000000014,0.1840557275541796,1938,0.0133974864158612,14.748584244463126,144654,27633.470000000005,0.190378551806921,6.994117647058826,0.0263157894736842,103.15333333333332,51,0
50.0,1,0.0,46.4,-3.6,0.1499999999999999,24,0.0071556350626118,0.0,3354,0.0,0.0,0.0,0.0,0.0,0,1
50.0,1,0.0,47.0,-3.0,0.2,15,0.0238095238095238,0.0,630,0.0,0.0,0.0,0.0,0.0,0,1
250.0,25,99.0,2.750000000000014,-291.80000000000007,0.1789786967418546,1596,0.0024727854161437,0.3465779800455102,645426,1316.5,0.0751993923281428,285.65,0.0006265664160401,99.0,1,1
150.0,5,460.76,32.84999999999992,-151.35,0.3982894736842103,380,0.0038020531086786,3.0443343244136125,99946,3402.1199999999994,0.1354332004749979,50.44999999999997,0.0078947368421052,153.58666666666667,3,0
200.0,4,0.0,-22.950000000000006,-154.7,1.5154411764705882,68,0.0069225287590349,0.0,9823,1441.1899999999998,0.0,0.0,0.0,0.0,0,0
150.0,7,226.8,48.41,-113.98,0.957816091954023,87,0.0008981943196952,2.7217088683547344,96861,423.28,0.5358155358155359,83.33,0.0114942528735632,226.8,1,1
1000.0,12,1440.13,32.449999999999974,-1133.75,0.7268741633199465,1494,0.0031266284523189,1.3261476126893503,477831,14797.579999999996,0.0973219945423508,135.74375,0.0053547523427041,180.01625,8,0
50.0,31,0.0,45.65,-4.35,0.1553571428571428,28,0.0056258790436005,0.0,4977,4555.179999999999,0.0,0.0,0.0,0.0,0,1
0.0,0,0.0,451.35,-1.2,0.3,4,0.0068143100511073,0.0,587,8984.43,0.0,0.0,0.0,0.0,0,1
0.0,0,0.0,48.34,-1.66,0.1509090909090909,11,0.0209523809523809,0.0,525,0.0,0.0,0.0,0.0,0.0,0,1
50.0,8,0.0,-17.3500000000001,-50.1,1.1386363636363637,44,0.0031287776434615,0.0,14063,811.2,0.0,0.0,0.0,0.0,0,1
0.0,15,0.0,56.099999999999945,-0.5,0.5,1,0.0217391304347826,0.0,46,94.9,0.0,0.0,0.0,0.0,0,0
200.0,19,183.99,82.60999999999999,-116.87000000000003,0.2128779599271402,549,0.0088849328370286,1.5743133396081117,61790,1021.89,0.1800487332296039,116.87,0.0018214936247723,183.99,1,1
150.0,0,198.23,37.65000000000002,-112.35,0.1499999999999999,749,0.0036802641535392,1.764396973742769,203518,343.8,0.576585223967423,56.17499999999998,0.0026702269692923,99.115,2,1
600.0,12,849.2899999999998,35.65,-564.35,0.3578630310716549,1577,0.0048317319476444,1.5048994418357404,326384,3547.670000000001,0.239393742935504,80.62142857142854,0.004438807863031,121.32714285714285,7,1
300.0,6,266.56,40.49999999999999,-259.5,0.3,865,0.0022582497911445,1.0272061657032756,383040,3829.619999999999,0.0696048171881283,129.75,0.0023121387283236,133.28,2,1
0.0,0,141.15,252.13000000000005,-133.14,0.265,500,0.0065763514402209,1.0652830188679243,76030,1729.3200000000002,0.0816216778849489,66.25,0.004,70.575,2,1
2050.0,26,6870.939999999999,-75.47999999999935,-2054.15,0.192194354283466,10167,0.0058308987739455,3.516273975967739,1743642,32988.649999999994,0.2082819393943068,23.262380952380948,0.008262024195928,81.79690476190474,84,0
50.0,26,0.0,48.95000000000002,-1.05,0.1499999999999999,7,0.0060189165950128,0.0,1163,9657.99,0.0,0.0,0.0,0.0,0,1
350.0,1,10294.09,245.9,-104.1,0.3,347,0.090956749672346,98.88655139289146,3815,4607.320000000001,2.2342902164381893,1.4661971830985914,0.2046109510086455,144.98718309859154,71,0
850.0,24,6746.04,384.0,-580.8,0.2999999999999999,1752,0.0098838980469146,12.834931506849315,177258,41996.51,0.160633347866287,9.733333333333333,0.0308219178082191,124.92666666666666,54,0
50.0,2,0.0,-0.0999999999999998,-50.1,0.1499999999999999,332,0.0042414564037048,0.0,78275,0.0,0.0,0.0,0.0,0.0,0,1
100.0,29,93.24,-4.199999999999992,-100.7,0.3622302158273381,278,0.0034118802160039,0.9259185700099304,81480,274.73,0.3393877625304844,100.70000000000002,0.0035971223021582,93.24,1,1
0.0,28,55.99,-0.249999999999992,-15.499999999999998,0.2348484848484848,66,0.0081622557506801,3.612258064516129,8086,474.36,0.1180327177670967,15.5,0.0151515151515151,55.99,1,1
100.0,15,190.92,11.729999999999992,-88.27,0.3740254237288135,236,0.0050051960721935,2.1629092556927607,47151,626.34,0.3048184692020308,44.135,0.0084745762711864,95.46,2,0
450.0,9,0.0,46.92999999999999,-403.0700000000001,0.846785714285714,476,0.0043846316817273,0.0,108561,3549.86,0.0,0.0,0.0,0.0,0,0
150.0,3,938.1,43.99999999999997,-134.1,0.15,894,0.0180394689051212,6.995525727069351,49558,2066.33,0.4539933118136987,33.525,0.0044742729306487,234.525,4,1
350.0,7,0.0,42.750000000000014,-305.6,0.3873257287705956,789,0.003513803592185,0.0,224543,629.95,0.0,0.0,0.0,0.0,0,0
0.0,0,345.88,17.679999999999758,-226.2,0.3708196721311476,610,0.0043895313275813,1.5290893015030942,138967,2755.31,0.1255321542766512,113.10000000000002,0.0032786885245901,172.94,2,1
200.0,4,775.56,-0.7500000000000635,-233.25,0.15,1542,0.0076083524117786,3.3530479896238643,202672,484.7000000000001,1.6000825252733648,28.912500000000005,0.0051880674448767,96.945,8,1
1050.0,6,3051.3,36.88000000000001,-1093.1,0.2429964071856286,4175,0.0136671053234602,3.0076588697992137,305478,5128.69,0.5949472477377263,18.78722222222222,0.0129341317365269,56.50555555555555,54,1
50.0,1,0.0,46.65,-3.35,0.1763157894736842,19,0.0044642857142857,0.0,4256,0.0,0.0,0.0,0.0,0.0,0,0
50.0,25,0.0,37.85000000000001,-12.15,0.15,81,0.0290635091496232,0.0,2787,1091.07,0.0,0.0,0.0,0.0,0,1
700.0,5,409.7000000000001,94.20999999999998,-605.79,0.3868390804597701,1566,0.0035327637898479,0.6763069710625795,443279,589.6,0.6948778833107192,201.93,0.0019157088122605,136.5666666666667,3,0
950.0,1,643.97,7.610000000000019,-969.67,0.8059780775716693,1186,0.0055726535886291,0.6736863028172699,212825,2489.05,0.2587211988509672,159.31499999999997,0.0050590219224283,107.32833333333332,6,1
50.0,1,0.0,33.5,-16.5,0.3,55,0.0166666666666666,0.0,3300,1017.38,0.0,0.0,0.0,0.0,0,0
50.0,1,35.31,48.35,-1.65,0.15,11,0.0290237467018469,21.4,379,6169.789999999999,0.005723047299827,1.65,0.0909090909090909,35.31,1,1
50.0,1,0.0,18.26,-31.74,1.3225,24,0.0021598272138228,0.0,11112,131.79,0.0,0.0,0.0,0.0,0,0
790.0,6,3460.9500000000003,36.089999999999904,-791.1999999999999,0.5783625730994152,1368,0.0031411304395745,4.37430485338726,435512,75394.59,0.0459044873113574,29.303703703703704,0.0197368421052631,128.18333333333334,27,1
500.0,10,893.9999999999999,1.0499999999999847,-496.4999999999999,0.2989163154726068,1661,0.005626846255996,1.8006042296072506,295192,2686.8500000000004,0.3327316374192827,70.92857142857142,0.0042143287176399,127.7142857142857,7,0
550.0,10,5392.360000000001,44.18000000000015,-543.44,0.1922060957910014,2756,0.0064900811966617,10.179642075058522,424648,9843.079999999998,0.5478325889863743,16.55375,0.011611030478955,168.51125000000002,32,0
0.0,0,0.0,27.75000000000026,-12.85,0.1760273972602739,73,0.0100192149327477,0.0,7286,173.24,0.0,0.0,0.0,0.0,0,0
500.0,25,0.0,-0.0299999999999371,-500.0299999999999,1.048280922431866,477,0.0025193972460928,0.0,189331,0.0,0.0,0.0,0.0,0.0,0,1
1550.0,26,1312.2099999999998,32.65000000000007,-1556.3,0.585042735042735,2574,0.0044492920716519,0.8713792416495119,578519,4379.789999999999,0.2996056888572283,83.6611111111111,0.0069930069930069,72.90055555555554,18,0
50.0,1,0.0,48.5,-1.5,0.15,10,0.0089285714285714,0.0,1120,2896.05,0.0,0.0,0.0,0.0,0,1
250.0,15,0.0,-6.770000000000003,-256.77,1.556181818181818,165,0.0017192693626199,0.0,95971,488.99,0.0,0.0,0.0,0.0,0,0
150.0,15,0.0,0.0300000000000011,-177.59999999999997,0.5227678571428572,336,0.0059558628024461,0.0,56415,531.25,0.0,0.0,0.0,0.0,0,1
50.0,1,249.55,4.999999999999998,-45.0,0.15,300,0.1124437781109445,5.545555555555556,2668,639.75,0.3900742477530285,15.0,0.01,83.18333333333334,3,0
550.0,11,179.98,-12.050000000000017,-556.55,0.4680824222035323,1189,0.0028644114345184,0.323385140598329,415094,1779.1,0.1011635096397054,278.275,0.0016820857863751,89.99,2,1
650.0,2,251.88,-7.79000000000002,-657.79,2.276089965397924,289,0.0025018395879323,0.3829185606348531,115515,895.22,0.2813610062331046,219.2633333333333,0.0103806228373702,83.96,3,0
50.0,27,0.0,10.449999999999804,-37.0,0.5285714285714286,70,0.0021962162331754,0.0,31873,661.71,0.0,0.0,0.0,0.0,0,0
0.0,0,0.0,0.2999999999998781,-13.8,0.1999999999999999,69,0.0306122448979591,0.0,2254,1455.72,0.0,0.0,0.0,0.0,0,0
600.0,7,1243.88,28.549999999999976,-599.9000000000001,0.35,1692,0.0052421715974681,2.100439040864573,322767,7048.039999999998,0.1764859450286889,49.35,0.0070921985815602,103.65666666666668,12,1
150.0,3,0.0,47.25,-102.75,2.140625,48,0.0014968192590744,0.0,32068,375.0,0.0,0.0,0.0,0.0,0,0
2200.0,30,2154.0,-53.02000000000005,-2232.1,1.3262626262626265,1683,0.001022443950874,0.9650105282021416,1646056,3392.88,0.6348588809506968,2232.1,0.0005941770647653,2154.0,1,0
600.0,30,1149.94,41.510000000000005,-554.56,0.1836291390728476,3020,0.0039033771967806,2.0736079053664174,773689,2958.979999999999,0.3886271620626028,29.18736842105262,0.0062913907284768,60.52315789473685,19,0
0.0,0,0.0,26.899999999999995,-16.2,0.15,108,0.0041398344066237,0.0,26088,754.02,0.0,0.0,0.0,0.0,0,0
450.0,22,394.55,36.9,-413.1,0.4770207852193995,866,0.0026584641076647,0.9550956184943116,325752,2385.3500000000004,0.1654054960487978,103.275,0.0046189376443418,98.6375,4,1
100.0,7,165.98,-0.2799999999999998,-100.28,0.2047648261758691,489,0.0054654580813895,1.6576450614201534,89471,164.99,1.0060003636584034,50.065000000000005,0.0040899795501022,82.99,2,1
350.0,31,0.0,26.95,-323.04999999999995,0.1809803921568626,1785,0.0070907617504051,0.0,251736,8426.970000000001,0.0,0.0,0.0,0.0,0,1
500.0,3,2618.6200000000003,24.479999999999983,-518.5899999999999,0.2747199112590127,1803,0.0156630064632705,5.286723734151661,115112,0.0,0.0,12.080975609756097,0.0227398779811425,63.86878048780488,41,0
300.0,1,925.72,168.95000000000022,-385.19999999999993,0.2581371191135733,1444,0.006087125140164,2.483487592219987,237222,3816.13,0.2425808345103547,26.624999999999996,0.0096952908587257,66.12285714285714,14,0
0.0,9,0.0,12.359999999999994,-46.00000000000001,0.1999999999999999,230,0.017783963504214,0.0,12933,988.39,0.0,0.0,0.0,0.0,0,0
1350.0,4,1554.77,11.050000000000011,-1537.5999999999997,0.5736791361357501,2593,0.0035167046863175,1.0451883970286713,737338,7294.660000000001,0.2131381037635749,123.9625,0.004627844195912,129.5641666666667,12,1
560.0,6,3022.6,25.550000000000136,-538.4999999999999,0.3,1759,0.0077069349270053,5.72787568694334,228236,2687.0000000000005,1.1248976553777446,26.385,0.0113700966458214,151.13,20,1
950.0,17,402.07,-116.37999999999997,-1028.9299999999998,1.9230511811023625,508,0.0019134430675355,0.4115732257833372,265490,755.28,0.5323456201673552,244.2275,0.0078740157480314,100.5175,4,1
100.0,1,0.0,94.3,-5.7,0.3,19,0.0063185899567675,0.0,3007,2456.3699999999994,0.0,0.0,0.0,0.0,0,1
300.0,6,139.9,17.699999999999967,-339.30000000000007,0.4819602272727273,704,0.0050993799617546,0.4123194812849985,138056,10577.059999999998,0.0132267378647752,339.3,0.0014204545454545,139.9,1,0
200.0,4,0.0,45.65000000000001,-154.35,2.2369565217391303,69,0.0064910630291627,0.0,10630,2842.56,0.0,0.0,0.0,0.0,0,1
150.0,2,239.99,-1.3000000000000431,-459.0,0.75,612,0.0098552311631427,0.5228540305010894,62099,456.97,0.5251767074425017,459.0,0.0016339869281045,239.99,1,1
450.0,26,0.0,198.1,-248.9,1.4815476190476191,168,0.0151651922729734,0.0,11078,8920.150000000001,0.0,0.0,0.0,0.0,0,0
150.0,3,0.0,0.0,-150.0,2.0,75,0.0035499597671226,0.0,21127,632.16,0.0,0.0,0.0,0.0,0,1
50.0,27,0.0,-0.6500000000000296,-50.1,0.15,334,0.0313968791126151,0.0,10638,290.0,0.0,0.0,0.0,0.0,0,1
50.0,26,140.68,-2.99999999999996,-83.29000000000002,0.239069069069069,333,0.004568402568183,1.7671146840849143,72892,293.64,0.4790900422285792,39.80499999999999,0.006006006006006,70.34,2,0
50.0,21,50.63,-0.2499999999999973,-50.25,0.15,335,0.021127648839556,1.0075621890547264,15856,385.15,0.131455277164741,50.25,0.0029850746268656,50.63,1,1
50.0,1,174.11,5.300000000000033,-79.8,0.3,258,0.1016949152542373,2.2494832041343678,2537,1015.05,0.1715284961331954,38.7,0.0077519379844961,87.055,2,0
50.0,1,0.0,-0.6000000000000041,-50.25,0.1499999999999999,335,0.0033026401403868,0.0,101434,159.9,0.0,0.0,0.0,0.0,0,1
320.0,4,128.0,-13.769999999999904,-323.0,0.7654028436018956,422,0.0013680023599661,0.3962848297213623,308479,647.9699999999999,0.1975400095683442,322.99999999999994,0.0023696682464454,128.0,1,1
50.0,11,159.9,10.509999999999998,-86.83999999999999,0.4120915032679737,153,0.0032371360866621,2.536082474226805,47264,1193.6,0.1339644772117962,63.04999999999998,0.0065359477124183,159.9,1,1
0.0,0,91.83,39.66000000000001,-16.65,0.1734375,96,0.0032525834321531,5.515315315315315,29515,1996.52,0.0459950313545569,16.65,0.0104166666666666,91.83,1,1
50.0,8,0.0,44.60000000000001,-5.4,0.15,36,0.0110939907550077,0.0,3245,1704.91,0.0,0.0,0.0,0.0,0,1
1350.0,21,14895.47,33.849999999999994,-1316.15,0.4894570472294534,2689,0.0070386773882816,11.317456216996542,382032,84501.86000000002,0.1762738713680385,9.13993055555556,0.05355150613611,103.4407638888889,144,0
8240.0,23,19078.480000000003,273.4600000000001,-7966.54,0.7964082532051282,9984,0.0162589445365451,2.399404377123856,614062,42595.560000000005,0.4478983255531797,28.601942446043164,0.0278445512820512,68.62762589928059,278,0
100.0,2,0.0,26.35,-73.64999999999999,0.3347727272727273,220,0.0099940943987643,0.0,22013,3604.700000000001,0.0,0.0,0.0,0.0,0,1
100.0,6,0.0,-1.5399999999999956,-100.7,0.4303418803418803,234,0.0020854128047911,0.0,112208,292.07000000000005,0.0,0.0,0.0,0.0,0,1
300.0,6,298.5,-0.8000000000000149,-700.8000000000001,0.4,1707,0.0020062172755639,0.4371704745166959,850855,706.81,0.4223200011318459,170.70000000000002,0.0023432923257176,74.625,4,1
0.0,0,0.0,-0.1899999999998201,-45.76,0.289620253164557,158,0.0053207610708873,0.0,29695,138.38,0.0,0.0,0.0,0.0,0,1
50.0,5,0.0,-3.5000000000000213,-50.25,0.2991071428571428,168,0.0028981507038365,0.0,57968,0.0,0.0,0.0,0.0,0.0,0,1
1250.0,27,1716.12,8.410000000000057,-1202.13,0.152052871237035,7906,0.0037492187151741,1.427566070225351,2108706,3664.18,0.4683503539673269,133.5699999999999,0.001138375917025,190.68,9,0
50.0,6,0.0,-1.7500000000000142,-51.75,0.8771186440677965,59,0.0026207080353573,0.0,22513,56.9,0.0,0.0,0.0,0.0,0,1
0.0,2,312.59000000000003,-0.1999999999999985,-19.800000000000004,0.3,62,0.0119368502117828,16.805913978494623,5194,144.36,2.1653505126073704,6.2,0.0483870967741935,104.19666666666669,3,1
50.0,15,0.0,-29.75000000000001,-51.15,1.27875,40,0.0028581636298678,0.0,13995,314.6,0.0,0.0,0.0,0.0,0,0
1200.0,25,2381.08,340.28000000000003,-1020.47,0.5385516093229745,1802,0.0054562741096462,2.453532824301627,330262,16528.049999999996,0.1440629717359277,53.915,0.0099889012208657,132.28222222222223,18,0
15400.0,30,40291.24,138.83000000000214,-15506.35,1.3074375586054043,11731,0.0068094458059595,2.6269671492513478,1722754,34780.93,1.1584290586824446,28.35036968576709,0.0461171255647429,74.4754898336414,541,1
600.0,26,1350.22,1.0199999999998846,-619.35,1.1607344632768362,531,0.0024215173017639,2.1906708850490797,219284,20438.980000000003,0.066061026528721,77.04375,0.0150659133709981,168.7775,8,0
250.0,5,691.8299999999999,14.219999999999944,-252.97,0.2507502569373073,973,0.0041758222893634,2.835601278793344,233008,1900.71,0.3639850371703205,60.995,0.0041109969167523,172.95749999999998,4,0
50.0,0,748.1800000000001,3.500000000000004,-46.5,0.4153153153153154,111,0.0105053946621237,16.229501084598695,10566,4715.4400000000005,0.1586659993553093,6.585714285714287,0.063063063063063,106.88285714285716,7,1
250.0,27,541.46,-1.999999999999987,-300.0,0.7537688442211056,398,0.0034737071787039,1.8048666666666668,114575,2893.37,0.1871381814285763,100.0,0.007537688442211,180.48666666666668,3,1
500.0,26,0.0,499.6,-0.4,0.2,2,0.001368925393566,0.0,1461,38.28,0.0,0.0,0.0,0.0,0,1
100.0,8,61.89,-22.600000000000023,-102.1,1.5469696969696969,66,0.0047338975756706,0.6061704211557297,13942,688.9599999999999,0.0898310496980956,102.1,0.0151515151515151,61.89,1,0
1550.0,31,4236.000000000001,-52.2499999999992,-1562.4000000000003,0.6000000000000003,2520,0.0058351703314006,2.801587301587301,431864,38784.1,0.1092200154186896,35.16279069767443,0.017063492063492,98.51162790697676,43,0
100.0,1,0.0,-1.6599999999999984,-191.1,0.15,1219,0.0062650973942539,0.0,194570,89.99,0.0,0.0,0.0,0.0,0,1
50.0,1,0.0,38.15000000000002,-10.849999999999998,0.1528169014084507,71,0.003332707472775,0.0,21304,2030.9100000000003,0.0,0.0,0.0,0.0,0,1
0.0,0,0.0,49.84999999999997,-46.15,0.2335025380710659,197,0.0191522457709508,0.0,10286,174.56,0.0,0.0,0.0,0.0,0,0
1350.0,5,3144.78,4.150000000000109,-1367.1499999999996,0.4078686493184635,3228,0.0081385263922225,2.388561446149171,396632,9256.55,0.3397356466502098,38.72352941176472,0.0105328376703841,92.4935294117647,34,0
0.0,7,892.9399999999999,6.249999999999983,-70.2,0.26875,240,0.0080377775545061,13.844031007751935,29859,2548.36,0.3503979029650441,10.75,0.025,148.82333333333332,6,0
200.0,10,0.0,-3.3000000000000016,-203.3,0.494647201946472,411,0.003219943278858,0.0,127642,1628.95,0.0,0.0,0.0,0.0,0,1
200.0,8,181.41,93.89000000000004,-151.7,0.3052313883299799,497,0.0045803074427691,1.1958470665787737,108508,1670.0700000000002,0.1086241894052345,75.85000000000001,0.0040241448692152,90.705,2,1
1300.0,4,1335.94,80.85000000000038,-1214.3,0.6397787144362487,1898,0.0031892138033474,1.1001729391418926,595131,3580.83,0.3730811013089144,134.92222222222222,0.0047418335089567,148.4377777777778,9,0
200.0,4,1681.2700000000004,-2.649999999999992,-218.1,0.1674796747967479,1230,0.0082550335570469,8.161504854368935,149000,4387.820000000001,0.3831674954761134,8.239999999999998,0.0203252032520325,67.25080000000001,25,0
100.0,14,219.97,11.060000000000004,-88.93999999999998,0.2736615384615384,325,0.0056210868587637,2.473240386777603,57818,0.0,0.0,44.47,0.0061538461538461,109.985,2,1
1100.0,17,5099.98,15.61,-1107.5600000000002,0.3966752767527675,2710,0.0036457562589966,4.744211574061153,743330,8230.59,0.6196372313527948,42.9996,0.0092250922509225,203.9992,25,0
0.0,0,62.99,-8.950000000000053,-48.75,0.15,317,0.0167044316804552,1.3247108307045214,18977,537.46,0.1171994194916831,47.55,0.0031545741324921,62.99,1,1
900.0,19,188.66000000000005,-41.50999999999999,-932.15,1.2155172413793105,725,0.0026786374048621,0.2140822695035461,270660,1125.57,0.1676128539317857,293.75,0.0041379310344827,62.88666666666668,3,1
100.0,13,0.0,45.5,-54.5,0.5,109,0.0021634281404441,0.0,50383,533.48,0.0,0.0,0.0,0.0,0,1
0.0,18,0.0,2.4999999999999893,-20.65,0.5581081081081082,37,0.0094339622641509,0.0,3922,205.7,0.0,0.0,0.0,0.0,0,1
1550.0,31,1355.71,-121.69999999999985,-1585.4500000000005,2.35329754601227,652,0.0082525377819406,0.883572848437449,79006,40364.23,0.0335869159401777,109.59642857142858,0.0214723926380368,96.83642857142856,14,0
990.0,12,2726.86,43.999999999999886,-977.6,0.325886524822695,2820,0.0066008763716714,2.967203482045702,427216,6619.75,0.4119279428981456,45.95,0.0070921985815602,136.343,20,0
250.0,17,179.8,19.399999999999903,-233.35,0.3159379407616361,709,0.029716249633262,0.8026785714285715,23859,759.5899999999999,0.2367066443739386,112.0,0.002820874471086,89.9,2,0
50.0,9,0.0,43.55,-6.449999999999999,0.15,43,0.0107607607607607,0.0,3996,692.5600000000001,0.0,0.0,0.0,0.0,0,1
50.0,1,0.0,-0.2999999999999975,-69.0,0.15,425,0.011182150656458,0.0,38007,342.78,0.0,0.0,0.0,0.0,0,1
1600.0,4,3346.25,106.89999999999978,-1886.3,0.5497391837987113,3259,0.0036736649288431,1.8677439160526896,887125,5209.1,0.6423854408631049,89.58000000000001,0.0061368517950291,167.3125,20,0
100.0,8,292.07,18.399999999999995,-104.35,0.5507978723404257,188,0.0097067327550598,2.820569773056494,19368,2335.52,0.1250556621223539,34.51666666666667,0.0159574468085106,97.35666666666668,3,1
0.0,5,0.0,-0.0999999999999914,-50.09999999999999,0.1499999999999999,334,0.011295231653703,0.0,29570,189.98,0.0,0.0,0.0,0.0,0,1
1050.0,9,1955.83,17.199999999999974,-1231.1999999999998,0.6,1968,0.0077175865287331,1.6563600948509485,255002,3013.01,0.6491282803575161,73.8,0.008130081300813,122.239375,16,1
1300.0,20,12133.73,244.30000000000007,-1081.9,0.3953065859197576,2642,0.008152282916925,11.617895442359252,324081,17343.28,0.69962140956036,12.893827160493824,0.0306585919757759,149.79913580246912,81,0
350.0,7,0.0,-1.9900000000000213,-351.99,0.6848054474708171,514,0.0040000311286469,0.0,128499,2263.65,0.0,0.0,0.0,0.0,0,1
400.0,4,1100.07,-18.199999999999942,-438.6,0.7484641638225256,586,0.0036830097606043,2.5081395348837208,159109,5303.1,0.2074390450868359,62.65714285714285,0.0119453924914675,157.15285714285713,7,0
150.0,31,0.0,114.29999999999993,-35.7,0.3,119,0.0038337628865979,0.0,31040,334.59000000000003,0.0,0.0,0.0,0.0,0,0
50.0,1,0.0,-1.0,-51.0,1.9615384615384608,26,0.0025365853658536,0.0,10250,0.0,0.0,0.0,0.0,0.0,0,1
